{
    "_meta": {
        "target": "SalePrice",
        "missing_pct_unit": "percent_0_to_100",
        "intended_use": "stage_2_prediction_interpretation"
    },
    "OverallQual": {
        "count": 1460.0,
        "mean": 6.0993150684931505,
        "median": 6.0,
        "std": 1.3829965467415923,
        "min": 1.0,
        "max": 10.0,
        "p10": 5.0,
        "p25": 5.0,
        "p50": 6.0,
        "p75": 7.0,
        "p90": 8.0,
        "iqr": 2.0,
        "mad": 1.0980484143366487,
        "skewness": 0.2169439277628693,
        "kurtosis": 0.09629277835615113,
        "missing_count": 0,
        "missing_pct": 0.0,
        "pearson_saleprice": 0.7909816005838053,
        "spearman_saleprice": 0.8098285862017292
    },
    "GrLivArea": {
        "count": 1460.0,
        "mean": 1515.463698630137,
        "median": 1464.0,
        "std": 525.4803834232027,
        "min": 334.0,
        "max": 5642.0,
        "p10": 912.0,
        "p25": 1129.5,
        "p50": 1464.0,
        "p75": 1776.75,
        "p90": 2158.3,
        "iqr": 647.25,
        "mad": 397.32493807468563,
        "skewness": 1.3665603560164552,
        "kurtosis": 4.895120580693174,
        "missing_count": 0,
        "missing_pct": 0.0,
        "pearson_saleprice": 0.7086244776126515,
        "spearman_saleprice": 0.7313095834659141
    },
    "GarageCars": {
        "count": 1460.0,
        "mean": 1.7671232876712328,
        "median": 2.0,
        "std": 0.7473150101111116,
        "min": 0.0,
        "max": 4.0,
        "p10": 1.0,
        "p25": 1.0,
        "p50": 2.0,
        "p75": 2.0,
        "p90": 3.0,
        "iqr": 1.0,
        "mad": 0.5838431225370615,
        "skewness": -0.3425489297486655,
        "kurtosis": 0.22099776396532844,
        "missing_count": 0,
        "missing_pct": 0.0,
        "pearson_saleprice": 0.6404091972583519,
        "spearman_saleprice": 0.6907109670497433
    },
    "FullBath": {
        "count": 1460.0,
        "mean": 1.5650684931506849,
        "median": 2.0,
        "std": 0.5509158012954318,
        "min": 0.0,
        "max": 3.0,
        "p10": 1.0,
        "p25": 1.0,
        "p50": 2.0,
        "p75": 2.0,
        "p90": 2.0,
        "iqr": 1.0,
        "mad": 0.5224385438168513,
        "skewness": 0.036561558402727165,
        "kurtosis": -0.8570428212743262,
        "missing_count": 0,
        "missing_pct": 0.0,
        "pearson_saleprice": 0.5606637627484453,
        "spearman_saleprice": 0.6359570562496957
    },
    "YearBuilt": {
        "count": 1460.0,
        "mean": 1971.267808219178,
        "median": 1973.0,
        "std": 30.202904042525265,
        "min": 1872.0,
        "max": 2010.0,
        "p10": 1924.9,
        "p25": 1954.0,
        "p50": 1973.0,
        "p75": 2000.0,
        "p90": 2006.0,
        "iqr": 46.0,
        "mad": 25.067222743479075,
        "skewness": -0.613461172488183,
        "kurtosis": -0.43955194159361977,
        "missing_count": 0,
        "missing_pct": 0.0,
        "pearson_saleprice": 0.5228973328794967,
        "spearman_saleprice": 0.6526815462850586
    },
    "YearRemodAdd": {
        "count": 1460.0,
        "mean": 1984.8657534246574,
        "median": 1994.0,
        "std": 20.645406807709396,
        "min": 1950.0,
        "max": 2010.0,
        "p10": 1950.0,
        "p25": 1967.0,
        "p50": 1994.0,
        "p75": 2004.0,
        "p90": 2006.0,
        "iqr": 37.0,
        "mad": 18.623152561456198,
        "skewness": -0.5035620027004709,
        "kurtosis": -1.2722451924732956,
        "missing_count": 0,
        "missing_pct": 0.0,
        "pearson_saleprice": 0.5071009671113866,
        "spearman_saleprice": 0.5711589780582342
    },
    "MasVnrArea": {
        "count": 1452.0,
        "mean": 103.68526170798899,
        "median": 0.0,
        "std": 181.06620658721818,
        "min": 0.0,
        "max": 1600.0,
        "p10": 0.0,
        "p25": 0.0,
        "p50": 0.0,
        "p75": 166.0,
        "p90": 335.0,
        "iqr": 166.0,
        "mad": 129.7818350674286,
        "skewness": 2.6690842101828625,
        "kurtosis": 10.08241731736711,
        "missing_count": 8,
        "missing_pct": 0.547945205479452,
        "pearson_saleprice": 0.47749304709571444,
        "spearman_saleprice": 0.42130949932884704
    },
    "Fireplaces": {
        "count": 1460.0,
        "mean": 0.613013698630137,
        "median": 1.0,
        "std": 0.6446663863122344,
        "min": 0.0,
        "max": 3.0,
        "p10": 0.0,
        "p25": 0.0,
        "p50": 1.0,
        "p75": 1.0,
        "p90": 1.0,
        "iqr": 1.0,
        "mad": 0.5794239069243761,
        "skewness": 0.6495651830548841,
        "kurtosis": -0.21723720752814657,
        "missing_count": 0,
        "missing_pct": 0.0,
        "pearson_saleprice": 0.46692883675152763,
        "spearman_saleprice": 0.5192474498367015
    },
    "BsmtFinSF1": {
        "count": 1460.0,
        "mean": 443.6397260273973,
        "median": 383.5,
        "std": 456.09809084092456,
        "min": 0.0,
        "max": 5644.0,
        "p10": 0.0,
        "p25": 0.0,
        "p50": 383.5,
        "p75": 712.25,
        "p90": 1065.5000000000007,
        "iqr": 712.25,
        "mad": 367.3696734847063,
        "skewness": 1.685503071910789,
        "kurtosis": 11.118236291964712,
        "missing_count": 0,
        "missing_pct": 0.0,
        "pearson_saleprice": 0.3864198062421535,
        "spearman_saleprice": 0.3018712035800953
    },
    "LotFrontage": {
        "count": 1201.0,
        "mean": 70.04995836802665,
        "median": 69.0,
        "std": 24.284751774483183,
        "min": 21.0,
        "max": 313.0,
        "p10": 44.0,
        "p25": 59.0,
        "p50": 69.0,
        "p75": 80.0,
        "p90": 96.0,
        "iqr": 21.0,
        "mad": 16.761901856695886,
        "skewness": 2.1635691423248837,
        "kurtosis": 17.452867259818408,
        "missing_count": 259,
        "missing_pct": 17.73972602739726,
        "pearson_saleprice": 0.35179909657067737,
        "spearman_saleprice": 0.4090755179546496
    },
    "1stFlrSF": {
        "count": 1460.0,
        "mean": 1162.626712328767,
        "median": 1087.0,
        "std": 386.5877380410738,
        "min": 334.0,
        "max": 4692.0,
        "p10": 756.9,
        "p25": 882.0,
        "p50": 1087.0,
        "p75": 1391.25,
        "p90": 1680.0,
        "iqr": 509.25,
        "mad": 300.5763088759617,
        "skewness": 1.3767566220336365,
        "kurtosis": 5.74584148244079,
        "missing_count": 0,
        "missing_pct": 0.0,
        "pearson_saleprice": 0.6058521846919153,
        "spearman_saleprice": 0.5754078354212823
    },
    "OpenPorchSF": {
        "count": 1460.0,
        "mean": 46.66027397260274,
        "median": 25.0,
        "std": 66.25602767664974,
        "min": 0.0,
        "max": 547.0,
        "p10": 0.0,
        "p25": 0.0,
        "p50": 25.0,
        "p75": 68.0,
        "p90": 130.0,
        "iqr": 68.0,
        "mad": 47.67807843873147,
        "skewness": 2.3643417403694404,
        "kurtosis": 8.490335805910506,
        "missing_count": 0,
        "missing_pct": 0.0,
        "pearson_saleprice": 0.31585622711605504,
        "spearman_saleprice": 0.47756066228252647
    },
    "_stage2_prompt_helper": {
        "saleprice_summary": {
            "median_price": 250000,
            "typical_range": {
                "low": 200000,
                "high": 350000,
                "method": "prefer_p10_to_p90"
            }
        },
        "top_signals_by_abs_pearson": [
            "OverallQual",
            "GrLivArea",
            "GarageCars",
            "1stFlrSF",
            "FullBath",
            "YearBuilt",
            "YearRemodAdd",
            "MasVnrArea",
            "Fireplaces",
            "BsmtFinSF1",
            "LotFrontage",
            "OpenPorchSF"
        ]
    }
}